CNPJ_CIA;TICKER;RAZAO_CVM
67.620.377/0001-14;BEEF3;MINERVA S.A.
02.387.241/0001-60;RAIL3;RUMO S.A.
60.872.504/0001-23;ITUB3;ITAU UNIBANCO HOLDING S.A.
60.872.504/0001-23;ITUB4;ITAU UNIBANCO HOLDING S.A.
56.720.428/0001-63;ROMI3;ROMI S.A.
22.266.175/0001-88;FHER3;FERTILIZANTES HERINGER S.A.
03.220.438/0001-73;EQTL3;EQUATORIAL ENERGIA S.A.
00.001.180/0001-26;AXIA3;AXIA ENERGIA S.A.
00.001.180/0001-26;AXIA6;AXIA ENERGIA S.A.
02.474.103/0001-19;EGIE3;ENGIE BRASIL ENERGIA S.A.
15.115.504/0001-24;CRPG3;TRONOX PIGMENTOS DO BRASIL S.A.
15.115.504/0001-24;CRPG5;TRONOX PIGMENTOS DO BRASIL S.A.
15.115.504/0001-24;CRPG6;TRONOX PIGMENTOS DO BRASIL S.A.
49.263.189/0001-02;HBOR3;HELBOR EMPREENDIMENTOS S.A.
61.486.650/0001-83;DASA3;DIAGNOSTICOS DA AMERICA S.A.
28.127.603/0001-78;BEES3;BANESTES S.A. - BCO EST ESPIRITO SANTO
28.127.603/0001-78;BEES4;BANESTES S.A. - BCO EST ESPIRITO SANTO
28.195.667/0001-06;ABCB4;BCO ABC BRASIL S.A.
08.560.444/0001-93;GPAR3;CIA CELG DE PARTICIPACOES - CELGPAR
58.119.199/0001-51;ODPV3;ODONTOPREV S.A.
33.000.167/0001-01;PETR3;PETROLEO BRASILEIRO S.A. PETROBRAS
33.000.167/0001-01;PETR4;PETROLEO BRASILEIRO S.A. PETROBRAS
92.781.335/0001-02;TASA3;TAURUS ARMAS S.A.
92.781.335/0001-02;TASA4;TAURUS ARMAS S.A.
00.000.000/0001-91;BBAS3;BCO BRASIL S.A.
02.950.811/0001-89;PDGR3;PDG REALTY S.A. EMPREEND E PARTICIPACOES
17.245.234/0001-00;CEDO3;CIA FIACAO TECIDOS CEDRO CACHOEIRA
17.245.234/0001-00;CEDO4;CIA FIACAO TECIDOS CEDRO CACHOEIRA
02.365.069/0001-44;PDTC3;PADTEC HOLDING S.A.
60.746.948/0001-12;BBDC3;BCO BRADESCO S.A.
60.746.948/0001-12;BBDC4;BCO BRADESCO S.A.
60.840.055/0001-31;FLRY3;FLEURY S.A.
03.853.896/0001-40;MBRF3;MARFRIG GLOBAL FOODS S.A.
07.816.890/0001-53;MULT3;MULTIPLAN - EMPREEND IMOBILIARIOS S.A.
61.351.532/0001-68;AZEV3;AZEVEDO E TRAVASSOS S.A.
61.351.532/0001-68;AZEV4;AZEVEDO E TRAVASSOS S.A.
02.149.205/0001-69;PSSA3;PORTO SEGURO S.A.
02.193.750/0001-52;DEXP3;DEXXOS PARTICIPAÇÕES S.A.
02.193.750/0001-52;DEXP4;DEXXOS PARTICIPAÇÕES S.A.
61.065.298/0001-02;MGEL4;MANGELS INDUSTRIAL S.A.
02.351.144/0001-18;TGMA3;TEGMA GESTAO LOGISTICA S.A.
61.079.117/0001-05;ALPA3;ALPARGATAS S.A.
61.079.117/0001-05;ALPA4;ALPARGATAS S.A.
61.189.288/0001-89;AMAR3;MARISA LOJAS S.A.
02.932.074/0001-91;HYPE3;HYPERA S.A.
73.178.600/0001-18;CYRE3;CYRELA BRAZIL REALTY S.A.EMPREEND E PART
73.178.600/0001-18;CYRE4;CYRELA BRAZIL REALTY S.A.EMPREEND E PART
04.149.454/0001-80;ECOR3;ECORODOVIAS INFRAESTRUTURA E LOGÍSTICA S.A.
04.423.567/0001-21;ENEV3;ENEVA S.A
05.878.397/0001-32;ALOS3;ALLOS S.A.
81.243.735/0001-48;POSI3;POSITIVO TECNOLOGIA S.A.
82.640.558/0001-04;CTKA4;KARSTEN S.A.
07.859.971/0001-30;TAEE11;TRANSMISSORA ALIANÇA DE ENERGIA ELÉTRICA S.A.
07.859.971/0001-30;TAEE3;TRANSMISSORA ALIANÇA DE ENERGIA ELÉTRICA S.A.
07.859.971/0001-30;TAEE4;TRANSMISSORA ALIANÇA DE ENERGIA ELÉTRICA S.A.
08.364.948/0001-38;ALUP11;ALUPAR INVESTIMENTO S/A
08.364.948/0001-38;ALUP3;ALUPAR INVESTIMENTO S/A
08.364.948/0001-38;ALUP4;ALUPAR INVESTIMENTO S/A
08.613.550/0001-98;NEXP3;NEXPE PARTICIPAÇÕES S.A
84.693.183/0001-68;SHUL4;SCHULZ S.A.
88.610.191/0001-54;MNDL3;MUNDIAL S.A. - PRODUTOS DE CONSUMO
88.611.835/0001-29;POMO3;MARCOPOLO S.A.
88.611.835/0001-29;POMO4;MARCOPOLO S.A.
89.096.457/0001-55;SLCE3;SLC AGRICOLA S.A.
91.983.056/0001-69;KEPL3;KEPLER WEBER S.A.
92.012.467/0001-70;CGRA3;GRAZZIOTIN S.A.
92.012.467/0001-70;CGRA4;GRAZZIOTIN S.A.
12.049.631/0001-84;MDNE3;MOURA DUBEUX ENGENHARIA S/A
92.665.611/0001-77;PNVL3;DIMED S.A. DISTRIBUIDORA DE MEDICAMENTOS
97.837.181/0001-47;DXCO3;DEXCO S.A.
00.000.208/0001-00;BSLI3;BRB BANCO DE BRASILIA S.A.
00.000.208/0001-00;BSLI4;BRB BANCO DE BRASILIA S.A.
00.070.698/0001-11;CEBR3;COMPANHIA ENERGÉTICA DE BRASÍLIA - CEB
00.070.698/0001-11;CEBR5;COMPANHIA ENERGÉTICA DE BRASÍLIA - CEB
00.070.698/0001-11;CEBR6;COMPANHIA ENERGÉTICA DE BRASÍLIA - CEB
01.083.200/0001-18;NEOE3;NEOENERGIA S.A.
92.693.019/0001-89;PATI3;PANATLANTICA S.A.
92.693.019/0001-89;PATI4;PANATLANTICA S.A.
92.702.067/0001-96;BRSR3;BCO ESTADO DO RIO GRANDE DO SUL S.A.
92.702.067/0001-96;BRSR6;BCO ESTADO DO RIO GRANDE DO SUL S.A.
15.141.799/0001-03;FESA3;CIA FERRO LIGAS DA BAHIA - FERBASA
15.141.799/0001-03;FESA4;CIA FERRO LIGAS DA BAHIA - FERBASA
92.791.243/0001-03;RANI3;IRANI PAPEL E EMBALAGEM S.A.
16.614.075/0001-00;DIRR3;DIRECIONAL ENGENHARIA S.A.
17.155.730/0001-64;CMIG3;CIA ENERGETICA DE MINAS GERAIS - CEMIG
17.155.730/0001-64;CMIG4;CIA ENERGETICA DE MINAS GERAIS - CEMIG
17.167.396/0001-69;RPAD3;ALFA HOLDINGS S.A.
17.167.396/0001-69;RPAD5;ALFA HOLDINGS S.A.
17.167.396/0001-69;RPAD6;ALFA HOLDINGS S.A.
17.184.037/0001-10;BMEB3;BCO MERCANTIL DO BRASIL S.A.
17.184.037/0001-10;BMEB4;BCO MERCANTIL DO BRASIL S.A.
21.255.567/0001-89;CTSA3;CIA TECIDOS SANTANENSE
21.255.567/0001-89;CTSA4;CIA TECIDOS SANTANENSE
33.412.081/0001-96;RPMG3;REFINARIA DE PETROLEOS MANGUINHOS S.A.
42.278.291/0001-24;LOGN3;LOG-IN LOGISTICA INTERMODAL S.A.
42.331.462/0001-31;EPAR3;EMBPAR PARTICIPAÇÕES S/A
43.470.988/0001-65;EVEN3;EVEN CONSTRUTORA E INCORPORADORA S.A.
45.453.214/0001-51;PFRM3;PROFARMA DISTRIB PROD FARMACEUTICOS S.A.
47.508.411/0001-56;PCAR3;CIA BRASILEIRA DE DISTRIBUICAO
49.669.856/0001-43;VSTE3;VESTE S.A. ESTILO
50.926.955/0001-42;VULC3;VULCABRAS S.A.
51.928.174/0001-50;PLAS3;PLASCAR PARTICIPACOES INDUSTRIAIS S.A.
59.105.999/0001-86;WHRL3;WHIRLPOOL S.A.
59.105.999/0001-86;WHRL4;WHIRLPOOL S.A.
07.206.816/0001-15;MDIA3;M.DIAS BRANCO S.A. IND COM DE ALIMENTOS
08.801.621/0001-86;SYNE3;SYN PROP & TECH S.A.
07.689.002/0001-89;EMBJ3;EMBRAER S.A.
08.811.643/0001-27;TRIS3;TRISUL S.A.
09.295.063/0001-97;TECN3;TECHNOS S.A.
09.346.601/0001-25;B3SA3;B3 S.A. - BRASIL, BOLSA, BALCÃO
08.065.557/0001-12;TCSA3;TECNISA S.A.
08.078.847/0001-09;LPSB3;LPS BRASIL - CONSULTORIA DE IMOVEIS S.A.
08.312.229/0001-73;EZTC3;EZ TEC EMPREEND. E PARTICIPACOES S.A.
08.343.492/0001-20;MRVE3;MRV ENGENHARIA E PARTICIPACOES S.A.
14.807.945/0001-24;SNSY5;SANSUY S.A. INDUSTRIA DE PLASTICOS
16.590.234/0001-76;AZZA3;AZZAS 2154 S.A.
16.670.085/0001-55;RENT3;LOCALIZA RENT A CAR S.A.
29.780.061/0001-09;SCAR3;SAO CARLOS EMPREEND E PARTICIPACOES S.A.
33.041.260/0652-90;BHIA3;GRUPO CASAS BAHIA S.A.
33.042.730/0001-04;CSNA3;CIA SIDERURGICA NACIONAL
33.386.210/0001-19;SOND5;SONDOTECNICA ENGENHARIA SOLOS S.A.
33.386.210/0001-19;SOND6;SONDOTECNICA ENGENHARIA SOLOS S.A.
33.467.572/0001-34;TKNO4;TEKNO S.A. - INDUSTRIA E COMERCIO
33.592.510/0001-54;VALE3;VALE S.A.
33.611.500/0001-19;GGBR3;GERDAU S.A.
33.611.500/0001-19;GGBR4;GERDAU S.A.
42.150.391/0001-70;BRKM3;BRASKEM S.A.
42.150.391/0001-70;BRKM5;BRASKEM S.A.
42.150.391/0001-70;BRKM6;BRASKEM S.A.
43.776.517/0001-80;SBSP3;CIA SANEAMENTO BASICO EST SAO PAULO
45.987.245/0001-92;BIED3;BAHEMA EDUCAÇÃO S.A.
47.960.950/0001-21;MGLU3;MAGAZINE LUIZA S.A.
53.113.791/0001-22;TOTS3;TOTVS S.A.
56.992.423/0001-90;BMKS3;BICICLETAS MONARK S.A.
60.476.884/0001-87;LEVE3;MAHLE-METAL LEVE S.A.
61.156.113/0001-75;MYPK3;IOCHPE MAXION S.A.
61.374.161/0001-30;BALM4;BAUMER S.A.
61.532.644/0001-15;ITSA3;ITAÚSA S.A.
61.532.644/0001-15;ITSA4;ITAÚSA S.A.
62.144.175/0001-20;PINE3;BCO PINE S.A
62.144.175/0001-20;PINE4;BCO PINE S.A
67.571.414/0001-41;VIVR3;VIVER INCORPORADORA E CONSTRUTORA S.A.
71.476.527/0001-35;TEND3;CONSTRUTORA TENDA S.A.
83.475.913/0001-91;PTBL3;PBG S/A
83.878.892/0001-55;CLSC3;CENTRAIS ELET DE SANTA CATARINA S.A.
83.878.892/0001-55;CLSC4;CENTRAIS ELET DE SANTA CATARINA S.A.
84.683.374/0001-49;TUPY3;TUPY S.A.
84.683.408/0001-03;DOHL4;DOHLER S.A.
84.683.671/0001-94;MWET4;WETZEL S.A.
86.375.425/0001-09;MTSA4;METISA METALURGICA TIMBOENSE S.A.
87.456.562/0001-22;JOPA3;JOSAPAR-JOAQUIM OLIVEIRA S.A. - PARTICIP
87.456.562/0001-22;JOPA4;JOSAPAR-JOAQUIM OLIVEIRA S.A. - PARTICIP
88.610.126/0001-29;FRAS3;FRAS-LE S.A.
89.086.144/0001-16;RAPT3;RANDON S.A. IMPLEMENTOS E PARTICIPACOES
89.086.144/0001-16;RAPT4;RANDON S.A. IMPLEMENTOS E PARTICIPACOES
89.637.490/0001-45;KLBN11;KLABIN S.A.
89.637.490/0001-45;KLBN3;KLABIN S.A.
89.637.490/0001-45;KLBN4;KLABIN S.A.
90.076.886/0001-40;MNPR3;MINUPAR PARTICIPACOES S.A.
91.333.666/0001-17;RCSL3;RECRUSUL S.A.
91.333.666/0001-17;RCSL4;RECRUSUL S.A.
92.660.570/0001-26;LUXM4;TREVISA INVESTIMENTOS S.A.
92.690.783/0001-09;GOAU3;METALURGICA GERDAU S.A.
92.690.783/0001-09;GOAU4;METALURGICA GERDAU S.A.
92.754.738/0001-62;LREN3;LOJAS RENNER S.A.
00.864.214/0001-06;ENGI11;ENERGISA S.A.
00.864.214/0001-06;ENGI3;ENERGISA S.A.
00.864.214/0001-06;ENGI4;ENERGISA S.A.
01.545.826/0001-07;GFSA3;GAFISA S.A.
01.938.783/0001-11;PEAB3;CIA PARTICIPACOES ALIANCA DA BAHIA
01.938.783/0001-11;PEAB4;CIA PARTICIPACOES ALIANCA DA BAHIA
02.429.144/0001-93;CPFE3;CPFL ENERGIA S.A.
02.558.157/0001-62;VIVT3;TELEFÔNICA BRASIL S.A
02.860.694/0001-62;SHOW3;T4F ENTRETENIMENTO S.A.
04.986.320/0001-13;SEER3;SER EDUCACIONAL S.A.
07.628.528/0001-59;AGRO3;BRASILAGRO - CIA BRAS DE PROP AGRICOLAS
12.648.327/0001-53;HBSA3;HIDROVIAS DO BRASIL S.A.
30.306.294/0001-45;BPAC11;BCO BTG PACTUAL S.A.
30.306.294/0001-45;BPAC3;BCO BTG PACTUAL S.A.
30.306.294/0001-45;BPAC5;BCO BTG PACTUAL S.A.
17.314.329/0001-20;MEAL3;INTERNATIONAL MEAL COMPANY ALIMENTACAO S.A.
51.466.860/0001-56;SMTO3;SAO MARTINHO S.A.
61.585.865/0001-51;RADL3;RAIA DROGASIL S.A.
88.613.658/0001-10;PTNT3;PETTENATI S.A. INDUSTRIA TEXTIL
88.613.658/0001-10;PTNT4;PETTENATI S.A. INDUSTRIA TEXTIL
10.760.260/0001-19;CVCB3;CVC BRASIL OPERADORA E AGÊNCIA DE VIAGENS S.A.
51.128.999/0001-90;NUTR3;NUTRIPLANT INDUSTRIA E COMERCIO S.A.
76.627.504/0001-06;INEP3;INEPAR S.A. INDUSTRIA E CONSTRUCOES
76.627.504/0001-06;INEP4;INEPAR S.A. INDUSTRIA E CONSTRUCOES
09.288.252/0001-32;ANIM3;ANIMA HOLDING S.A.
09.041.168/0001-10;LOGG3;LOG COMMERCIAL PROPERTIES E PARTICIPAÇÕES
17.344.597/0001-94;BBSE3;BB SEGURIDADE PARTICIPAÇÕES S.A.
07.526.557/0001-00;ABEV3;AMBEV S.A.
90.441.460/0001-48;UCAS3;UNICASA INDÚSTRIA DE MÓVEIS S.A.
90.400.888/0001-42;SANB11;BCO SANTANDER (BRASIL) S.A.
90.400.888/0001-42;SANB3;BCO SANTANDER (BRASIL) S.A.
90.400.888/0001-42;SANB4;BCO SANTANDER (BRASIL) S.A.
21.314.559/0001-66;MOVI3;MOVIDA PARTICIPACOES SA
42.278.473/0001-03;WIZC3;WIZ CO PARTICIPAÇÕES E CORRETAGEM DE SEGUROS S.A.
00.336.701/0001-04;TELB3;TELEC BRASILEIRAS S.A. TELEBRAS
00.336.701/0001-04;TELB4;TELEC BRASILEIRAS S.A. TELEBRAS
22.543.331/0001-00;CXSE3;CAIXA SEGURIDADE PARTICIPAÇÕES S.A.
62.002.886/0001-60;AHEB3;SAO PAULO TURISMO S.A.
07.594.978/0001-78;SMFT3;SMARTFIT ESCOLA DE GINÁSTICA E DANÇA S.A.
18.593.815/0001-97;PRNR3;PRINER SERVIÇOS INDUSTRIAIS S.A.
33.376.989/0001-91;IRBR3;IRB - BRASIL RESSEGUROS S.A.
34.274.233/0001-02;VBBR3;VIBRA ENERGIA S/A
58.430.828/0001-60;BLAU3;BLAU FARMACÊUTICA S.A.
59.717.553/0001-02;MLAS3;MULTILASER INDUSTRIAL S.A.
64.904.295/0001-03;CAML3;CAMIL ALIMENTOS S.A.
05.197.443/0001-38;HAPV3;HAPVIDA PARTICIPAÇÕES E INVESTIMENTOS S.A.
06.047.087/0001-39;RDOR3;REDE D'OR SÃO LUIZ S.A.
07.882.930/0001-65;MTRE3;MITRE REALTY EMPREENDIMENTOS E PARTICIPAÇÕES S.A.
13.217.485/0001-11;SBFG3;GRUPO SBF S.A.
23.373.000/0001-32;VAMO3;VAMOS LOCAÇÃO DE CAMINHÕES, MÁQUINAS E EQUIPAMENTOS S.A.
82.643.537/0001-34;EALT3;ELECTRO ACO ALTONA S.A.
82.643.537/0001-34;EALT4;ELECTRO ACO ALTONA S.A.
06.057.223/0001-71;ASAI3;SENDAS DISTRIBUIDORA S.A.
12.108.897/0001-50;DMVF3;D1000 VAREJO FARMA PARTICIPAÇÕES S.A.
07.415.333/0001-20;SIMH3;SIMPAR S.A.
08.797.760/0001-83;CURY3;CURY CONSTRUTORA E INCORPORADORA S.A.
08.902.291/0001-15;CMIN3;CSN MINERAÇÃO S.A.
09.114.805/0001-30;OPCT3;OCEANPACT SERVIÇOS MARITIMOS S.A.
10.139.870/0001-08;NGRD3;NEOGRID PARTICIPAÇÕES S.A.
11.421.994/0001-36;ORVR3;ORIZON VALORIZAÇÃO DE RESÍDUOS S.A.
12.091.809/0001-55;BRAV3;3R PETROLEUM ÓLEO E GÁS S.A.
12.181.987/0001-77;MELK3;MELNICK DESENVOLVIMENTO IMOBILIÁRIO S.A.
12.648.266/0001-24;AMBP3;AMBIPAR PARTICIPAÇÕES E EMPREENDIMENTOS S.A.
14.785.152/0001-51;HBRE3;HBR REALTY EMPREENDIMENTOS IMOBILIÁRIOS S.A.
16.811.931/0001-00;AVLL3;ALPHAVILLE S.A.
16.922.038/0001-51;ENJU3;ENJOEI S.A.
18.174.270/0001-84;DOTZ3;DOTZ S.A.
20.247.322/0001-47;ALLD3;ALLIED TECNOLOGIA S.A.
21.240.146/0001-84;AGXY3;AGROGALAXY PARTICIPAÇÕES S.A.
24.990.777/0001-09;GMAT3;GRUPO MATEUS S.A.
26.462.693/0001-28;LAVV3;LAVVI EMPREENDIMENTOS IMOBILIÁRIOS S.A.
26.659.061/0001-59;ESPA3;MPM CORPÓREOS S.A.
33.839.910/0001-11;VIVA3;VIVARA PARTICIPAÇÕES S.A.
45.365.558/0001-09;VITT3;VITTIA S.A.
59.418.806/0001-47;TFCO4;TRACK & FIELD CO S.A.
60.537.263/0001-66;ALPK3;ALLPARK EMPREENDIMENTOS, PARTICIPAÇÕES E SERVIÇOS S.A.
62.984.091/0001-02;CSED3;CRUZEIRO DO SUL EDUCACIONAL S.A.
82.901.000/0001-27;INTB3;INTELBRAS S.A. IND. DE TELECOMUNICAÇÃO ELETRÔNICA BRASILEIRA
85.778.074/0001-06;RSUL4;METALURGICA RIOSULENSE S.A.
96.418.264/0218-02;LJQQ3;LOJAS QUERO QUERO S.A.
01.599.101/0001-93;SEQL3;SEQUOIA LOGÍSTICA E TRANSPORTES S.A.
24.230.275/0001-80;PLPL3;PLANO & PLANO DESENVOLVIMENTO IMOBILIÁRIO S.A.
00.359.742/0001-08;FICT3;FICTOR ALIMENTOS S.A.
02.255.187/0001-08;FIQE3;UNIFIQUE TELECOMUNICAÇÕES S.A.
02.421.421/0001-11;TIMS3;TIM PARTICIPACOES S.A.
02.635.522/0001-95;JALL3;JALLES MACHADO S.A.
02.998.611/0001-04;ISAE3;ISA ENERGIA BRASIL
02.998.611/0001-04;ISAE4;ISA ENERGIA BRASIL
03.342.704/0001-30;RECV3;PETRORECÔNCAVO S.A.
05.917.486/0001-40;WDCN3;LIVETECH DA BAHIA INDÚSTRIA E COMÉRCIO S.A.
09.042.817/0001-05;BMOB3;BEMOBI MOBILE TECH S.A.
09.229.201/0001-30;GGPS3;GPS PARTICIPAÇÕES E EMPREENDIMENTOS S.A.
10.739.356/0001-03;BRBI11;BR ADVISORY PARTNERS PARTICIPAÇÕES S.A.
12.104.241/0004-02;ONCO3;ONCOCLÍNICAS DO BRASIL SERVIÇOS MÉDICOS S.A.
12.420.164/0001-57;VVEO3;CM HOSPITALAR S.A
14.110.585/0001-07;CASH3;MÉLIUZ S.A.
19.796.586/0001-70;BRST3;BRISANET PARTICIPAÇÕES S.A.
33.453.598/0001-23;RAIZ4;RAÍZEN S.A.
38.456.921/0001-36;IFCM3;INFRACOMMERCE CXAAS S.A.
61.092.037/0001-81;ETER3;ETERNIT S.A.
61.409.892/0001-73;CBAV3;COMPANHIA BRASILEIRA DE ALUMÍNIO
26.345.998/0001-50;TRAD3;TC TRADERS CLUB S.A.
71.673.990/0001-77;NATU3;NATURA COSMÉTICOS S.A.
02.846.056/0001-97;MOTV3;MOTIVA INFRAESTRUTURA DE MOBILIDADE S.A.
08.534.605/0001-74;RNEW3;RENOVA ENERGIA S.A.
08.534.605/0001-74;RNEW4;RENOVA ENERGIA S.A.
16.676.520/0001-59;MATD3;HOSPITAL MATER DEI S.A.
28.594.234/0001-23;AURE3;AUREN ENERGIA S.A.
31.553.627/0001-01;TOKY3;GRUPO TOKY S.A.
40.337.136/0001-06;LAND3;TERRA SANTA PROPRIEDADES AGRÍCOLAS S.A.
00.242.184/0001-04;ARML3;ARMAC LOCAÇÃO, LOGÍSTICA E SERVIÇOS S.A.
06.626.253/0001-51;PGMN3;EMPREENDIMENTOS PAGUE MENOS S.A.
10.807.374/0001-77;SOJA3;BOA SAFRA SEMENTES S.A.
14.127.813/0001-51;ARND3;ARANDU INVESTIMENTOS S.A.
94.813.102/0001-70;TTEN3;TRÊS TENTOS AGROINDUSTRIAL S/A
01.896.779/0001-38;CSUD3;CSU DIGITAL S.A.
35.654.688/0001-08;AMOB3;AUTOMOB PARTICIPAÇÕES S.A.
53.153.938/0001-08;AUAU3;UNIÃO PET PARTICIPAÇÕES S.A.
23.994.857/0001-70;ATED3;ATOM EDUCAÇÃO E EDITORA S.A.
52.017.473/0001-03;AZTE3;AZEVEDO & TRAVASSOS ENERGIA S.A.
01.417.222/0001-77;MRSA3B;MRS LOGISTICA S.A.
01.417.222/0001-77;MRSA5B;MRS LOGISTICA S.A.
01.417.222/0001-77;MRSA6B;MRS LOGISTICA S.A.
52.841.191/0001-18;RVEE3;REVEE S.A.
59.693.110/0001-29;OBTC3;ORANJEBTC S.A. - EDUCAÇÃO E INVESTIMENTO
02.800.026/0001-40;COGN3;COGNA EDUCAÇÃO S.A.
08.807.432/0001-10;YDUQ3;YDUQS PARTICIPACOES S.A.
33.228.024/0001-51;WLMM4;WLM PART. E COMÉRCIO DE MÁQUINAS E VEÍCULOS S.A.
14.776.142/0001-50;WEST3;WESTWING COMERCIO VAREJISTA S.A.
84.429.695/0001-11;WEGE3;WEG S.A.
20.512.706/0001-40;VTRU3;VITRU BRASIL EMPREEND. PARTICIP. E COMERCIO S.A.
33.113.309/0001-47;VLID3;VALID SOLUÇÕES S.A.
60.894.730/0001-05;USIM6;USINAS SID DE MINAS GERAIS S.A.
60.894.730/0001-05;USIM5;USINAS SID DE MINAS GERAIS S.A.
60.894.730/0001-05;USIM3;USINAS SID DE MINAS GERAIS S.A.
33.958.695/0001-78;UNIP6;UNIPAR CARBOCLORO S.A.
33.958.695/0001-78;UNIP5;UNIPAR CARBOCLORO S.A.
33.958.695/0001-78;UNIP3;UNIPAR CARBOCLORO S.A.
33.256.439/0001-39;UGPA3;ULTRAPAR PARTICIPACOES S.A.
03.014.553/0001-91;TPIS3;TPI - TRIUNFO PARTICIP. E INVEST. S.A.
16.404.287/0001-55;SUZB3;SUZANO S.A.
14.807.945/0001-24;SNSY3;SANSUY S.A. INDUSTRIA DE PLASTICOS
76.484.013/0001-45;SAPR4;CIA SANEAMENTO DO PARANA - SANEPAR
76.484.013/0001-45;SAPR3;CIA SANEAMENTO DO PARANA - SANEPAR
76.484.013/0001-45;SAPR11;CIA SANEAMENTO DO PARANA - SANEPAR
61.065.751/0001-80;RSID3;ROSSI RESIDENCIAL S.A.
16.670.085/0001-55;RENT4;LOCALIZA RENT A CAR S.A.
61.584.140/0001-49;REDE3;REDE ENERGIA PARTICIPAÇÕES S.A.
11.992.680/0001-93;QUAL3;QUALICORP CONSULTORIA E CORRETORA DE SEGUROS S.A.
18.494.485/0001-82;PSVM11;PORTO SUDESTE V.M. S.A.
10.629.105/0001-68;PRIO3;PETRO RIO S.A.
15.073.274/0001-88;PPLA11;PPLA PARTICIPATIONS LTD.
60.398.369/0004-79;PMAM3;PARANAPANEMA S.A.
09.112.685/0001-32;OSXB3;OSX BRASIL S.A.
76.535.764/0001-43;OIBR3;OI S.A.
76.535.764/0001-43;OIBR4;OI S.A.
20.258.278/0001-70;OFSA3;OURO FINO SAUDE ANIMAL PARTICIPACOES S.A.
60.884.319/0001-59;NORD3;NORDON INDUSTRIAS METALURGICAS S.A.
27.093.558/0001-15;MILS3;MILLS ESTRUTURAS E SERVIÇOS DE ENGENHARIA S.A.
93.828.986/0001-73;MAPT3;CEMEPE INVESTIMENTOS S.A.
02.351.877/0001-52;LWSA3;LOCAWEB SERVIÇOS DE INTERNET S.A.
89.463.822/0001-12;LUPA3;LUPATECH S.A.
03.378.521/0001-75;LIGT3;LIGHT S.A.
52.548.435/0001-79;JSLG3;JSL S.A.
08.294.224/0001-65;JHSF3;JHSF PARTICIPACOES S.A.
33.035.536/0001-00;JFEN3;JOAO FORTES ENGENHARIA S.A.
60.543.816/0001-93;IGTI4;IGUATEMI S.A
60.543.816/0001-93;IGTI3;IGUATEMI S.A
60.543.816/0001-93;IGTI11;IGUATEMI S.A
33.200.049/0001-47;HOOT4;HOTEIS OTHON S.A.
92.749.225/0001-63;HETA4;HERCULES S.A. FABRICA DE TALHERES
30.540.991/0001-66;HAGA4;HAGA S.A. INDUSTRIA E COMERCIO
30.540.991/0001-66;HAGA3;HAGA S.A. INDUSTRIA E COMERCIO
08.764.621/0001-53;GSHP3;GENERAL SHOPPING E OUTLETS DO BRASIL S.A.
89.850.341/0001-60;GRND3;GRENDENE S.A.
02.998.301/0001-81;GEPA4;RIO PARANAPANEMA ENERGIA S.A.
02.998.301/0001-81;GEPA3;RIO PARANAPANEMA ENERGIA S.A.
56.643.018/0001-66;EUCA4;EUCATEX S.A. INDUSTRIA E COMERCIO
56.643.018/0001-66;EUCA3;EUCATEX S.A. INDUSTRIA E COMERCIO
04.895.728/0001-80;EQPA5;EQUATORIAL PARA DISTRIBUIDORA DE ENERGIA S.A.
04.895.728/0001-80;EQPA3;EQUATORIAL PARA DISTRIBUIDORA DE ENERGIA S.A.
06.272.793/0001-84;EQMA3B;Equatorial Maranhão Distribuidora de Energia S.A. 
03.467.321/0001-99;ENMT4;ENERGISA MATO GROSSO-DISTRIBUIDORA DE ENERGIA S/A
03.467.321/0001-99;ENMT3;ENERGISA MATO GROSSO-DISTRIBUIDORA DE ENERGIA S/A
02.302.101/0001-42;EMAE4;EMAE - EMPRESA METROP.AGUAS ENERGIA S.A.
02.328.280/0001-97;EKTR4;ELEKTRO REDES S.A.
08.170.849/0001-15;DESK3;DESKTOP - SIGMANET COMUNICAÇÃO MULTIMÍDIA S.A.
04.032.433/0001-80;CTAX3;CONTAX PARTICIPAÇÕES S.A.
17.281.106/0001-03;CSMG3;CIA SANEAMENTO DE MINAS GERAIS-COPASA MG
50.746.577/0001-15;CSAN3;COSAN S.A.
76.483.817/0001-20;CPLE3;CIA PARANAENSE DE ENERGIA - COPEL
07.047.251/0001-70;COCE5;CIA ENERGETICA DO CEARA - COELCE
61.856.571/0001-17;CGAS5;CIA GAS DE SAO PAULO - COMGAS
61.856.571/0001-17;CGAS3;CIA GAS DE SAO PAULO - COMGAS
15.139.629/0001-94;CEEB3;CIA ELETRICIDADE EST. DA BAHIA - COELBA
45.242.914/0001-05;CEAB3;CEA MODAS S.A.
61.088.894/0001-08;CAMB3;CAMBUCI S.A.
61.022.042/0001-18;CALI3;CONSTRUTORA ADOLPHO LINDENBERG S.A.
03.847.461/0001-92;BRAP4;BRADESPAR S.A.
03.847.461/0001-92;BRAP3;BRADESPAR S.A.
50.564.053/0001-03;BOBR4;BOMBRIL S.A.
07.237.373/0001-20;BNBR3;BCO NORDESTE DO BRASIL S.A.
34.169.557/0001-72;BMIN4;BCO MERCANTIL DE INVESTIMENTOS S.A.
61.186.680/0001-74;BMGB4;BANCO BMG S.A.
04.752.991/0001-10;BIOM3;BIOMM S.A.
13.009.717/0001-46;BGIP3;BCO ESTADO DE SERGIPE S.A. - BANESE
13.009.717/0001-46;BGIP4;BCO ESTADO DE SERGIPE S.A. - BANESE
60.851.615/0001-53;BDLL4;BARDELLA S.A. INDUSTRIAS MECANICAS
60.851.615/0001-53;BDLL3;BARDELLA S.A. INDUSTRIAS MECANICAS
04.902.979/0001-44;BAZA3;BCO AMAZONIA S.A.
00.001.180/0001-26;AXIA7;Axia Energia S.A.
00.776.574/0001-56;AMER3;AMERICANAS S.A
10.338.320/0001-00;AFLT3;AFLUENTE TRANSMISSÃO DE ENERGIA ELÉTRICA S/A
12.528.708/0001-07;AERI3;AERIS IND. E COM. DE EQUIP. GERACAO DE ENERGIA S.A
42.771.949/0001-35;AALR3;ALLIANÇA SAÚDE E PARTICIPAÇÕES S.A.














